{
	"format_version": "1.8.0",
	"animations": {
		"animation.underlord.summon": {
			"animation_length": 2.25,
			"bones": {
				"head": {
					"rotation": {
						"0.0": [0, 0, 0],
						"0.25": [-2.5, 0, 0],
						"0.5": [2.5, 0, 0],
						"0.75": [-12.5, 0, 0],
						"1.0": [0, 0, 0],
						"1.25": [-22.5, 0, 0],
						"1.5": [7.5, 0, 0],
						"1.75": [-52.5, 0, 0],
						"2.0": [5, 0, 0]
					}
				},
				"rightarm": {
					"rotation": {
						"0.0": [0, 0, 0],
						"0.25": [-135.24614, 5.29571, -5.31847],
						"0.5": [-131.35707, 12.27659, -12.56853],
						"0.75": [-122.74614, 5.29571, -5.31847],
						"1.0": [-142.74614, 5.29571, -5.31847],
						"1.25": [-97.74614, 5.29571, -5.31847],
						"1.5": [-129.4629, 25.29756, -20.96837],
						"1.75": [-182.74614, 5.29571, -5.31847],
						"2.0": [-92.74361, -4.69288, -4.84018],
						"2.25": [-7.97005, -0.76809, 5.59966]
					}
				},
				"leftarm": {
					"rotation": {
						"0.0": [0, 0, 0],
						"0.25": [-82.5, 0, -20],
						"2.0": [-100.3125, 0, -4.6875],
						"2.25": [0, 0, -2.5]
					}
				}
			}
		},
		"animation.underlord.lurk": {
			"loop": true,
			"animation_length": 1,
			"bones": {
				"head": {
					"rotation": [22.5, 0, 0]
				},
				"rightarm": {
					"rotation": {
						"0.0": [0, 0, 12.5],
						"0.5": [0, 0, 20],
						"1.0": [0, 0, 7.5]
					}
				},
				"leftarm": {
					"rotation": {
						"0.0": [0, 0, -10],
						"0.5": [0, 0, -15],
						"1.0": [4.98107, -0.43523, -10.01893]
					}
				},
				"rightleg": {
					"rotation": [0, 0, 5]
				},
				"leftleg": {
					"rotation": [0, 0, -2.5]
				}
			}
		},
		"animation.underlord.jerk": {
			"loop": "hold_on_last_frame",
			"animation_length": 0.25,
			"bones": {
				"head": {
					"rotation": {
						"0.0": [32.5, 0, 0],
						"0.25": [-2.5, 0, 0]
					}
				},
				"rightarm": {
					"rotation": [0, 0, 7.5]
				},
				"leftarm": {
					"rotation": [0, 0, -5]
				},
				"rightleg": {
					"rotation": [0, 0, 7.5]
				},
				"leftleg": {
					"rotation": [0, 0, -5]
				}
			}
		},
		"animation.underlord.idle": {
			"loop": true,
			"animation_length": 2,
			"bones": {
				"head": {
					"rotation": [-2.5, 0, 0],
					"position": {
						"0.0": [0, 0, 0],
						"1.0": [0, -0.5, 0],
						"2.0": [0, 0, 0]
					}
				},
				"rightarm": {
					"rotation": {
						"0.0": [0, 0, 0],
						"1.0": [0, 0, 15],
						"2.0": [0, 0, 0]
					}
				},
				"leftarm": {
					"rotation": {
						"0.0": [0, 0, 0],
						"1.0": [0, 0, -25],
						"2.0": [0, 0, -2.5]
					}
				},
				"rightleg": {
					"rotation": [0, 0, 5]
				},
				"leftleg": {
					"rotation": [0, 0, -5]
				}
			}
		},
		"animation.underlord.move": {
			"loop": true,
			"animation_length": 1,
			"bones": {
				"body": {
					"rotation": {
						"0.0": [0, 0, 0],
						"0.25": [0, 0, -5],
						"0.75": [0, 0, 2.5],
						"1.0": [0, 0, 0]
					}
				},
				"rightarm": {
					"rotation": {
						"0.0": [0, 0, 0],
						"0.25": [-22.5, 0, 0],
						"0.75": [20, 0, 0],
						"1.0": [0, 0, 0]
					}
				},
				"leftarm": {
					"rotation": {
						"0.0": [0, 0, 0],
						"0.25": [15, 0, 0],
						"0.75": [-20, 0, 0],
						"1.0": [2.5, 0, 0]
					}
				},
				"rightleg": {
					"rotation": {
						"0.0": [0, 0, 0],
						"0.25": [15, 0, 0],
						"0.75": [-17.5, 0, 0],
						"1.0": [0, 0, 0]
					}
				},
				"leftleg": {
					"rotation": {
						"0.0": [0, 0, 0],
						"0.25": [-12.5, 0, 0],
						"0.75": [20, 0, 0],
						"1.0": [0, 0, 0]
					}
				}
			}
		},
		"animation.underlord.roar": {
			"animation_length": 1,
			"bones": {
				"head": {
					"rotation": {
						"0.0": [0, 0, 0],
						"0.25": [-47.5, 0, 0],
						"0.375": [-55, 0, 0],
						"0.5": [-42.5, 0, 0],
						"0.625": [-47.5, 0, 0],
						"0.75": [-30, 0, 0],
						"1.0": [0, 0, 0]
					}
				},
				"rightarm": {
					"rotation": {
						"0.0": [0, 0, 0],
						"0.25": [-167.60362, 1.61888, -7.32417],
						"0.5": [-167.5, 0, 0],
						"0.75": [-167.54608, 1.08089, -4.88206],
						"1.0": [5.06603, 0.20539, 5.08027]
					}
				},
				"leftarm": {
					"rotation": {
						"0.0": [0, 0, 0],
						"0.25": [-155.08357, -2.11089, 4.53359],
						"0.5": [-155, 0, 0],
						"0.75": [-155.02089, -1.05627, 2.26603],
						"1.0": [-2.36158, -1.37619, -5.22885]
					}
				}
			}
		},
		"animation.underlord.attack": {
			"animation_length": 0.5417,
			"bones": {
				"rightarm": {
					"rotation": {
						"0.0": [-120, 0, 0],
						"0.0833": [-100, 0, 0],
						"0.1667": [-8, 0, 0],
						"0.25": [-27.86335, -8.38274, -15.41707],
						"0.3333": [0, 0, 0]
					}
				},
				"rightItem": {
					"rotation": {
						"0.0": [0, 0, 0],
						"0.25": [20, 0, 0]
					}
				}
			}
		},
		"animation.underlord.hit": {
			"animation_length": 0.5417,
			"bones": {
				"body": {
					"rotation": {
						"0.0": {
							"post": [0, 0, 0],
							"lerp_mode": "catmullrom"
						},
						"0.125": {
							"post": [-15, 0, 0],
							"lerp_mode": "catmullrom"
						},
						"0.2917": {
							"post": [10, 0, 0],
							"lerp_mode": "catmullrom"
						},
						"0.4167": {
							"post": [-2.5, 0, 0],
							"lerp_mode": "catmullrom"
						},
						"0.5417": {
							"post": [0, 0, 0],
							"lerp_mode": "catmullrom"
						}
					},
					"position": {
						"0.0": [0, 0, 0],
						"0.0417": [0, -1, 0],
						"0.125": [0, 0, 0]
					}
				},
				"head": {
					"rotation": {
						"0.0": [0, 0, 0],
						"0.125": [-30, 0, 0],
						"0.5417": [12.5, 0, 0]
					}
				},
				"rightarm": {
					"rotation": {
						"0.0": [0, 0, 0],
						"0.125": [0, 0, 10],
						"0.5417": [-12.60362, 1.61888, 2.67583]
					}
				},
				"leftarm": {
					"rotation": {
						"0.0": [0, 0, 0],
						"0.125": [0, 0, -12.5],
						"0.5417": [0, 0, -5]
					}
				},
				"rightleg": {
					"rotation": {
						"0.0": [0, 0, 0],
						"0.125": [24.66569, -4.20854, 9.07947],
						"0.3333": [-6.58431, -4.20854, 9.07947],
						"0.5417": [7.16569, -4.20854, 9.07947]
					}
				},
				"leftleg": {
					"rotation": {
						"0.0": [0, 0, 0],
						"0.125": [44.75386, 5.29571, -5.31847],
						"0.3333": [-0.24614, 5.29571, -5.31847],
						"0.5417": [9.75386, 5.29571, -5.31847]
					}
				}
			}
		},
		"animation.underlord.jump": {
			"loop": "hold_on_last_frame",
			"animation_length": 0.5,
			"bones": {
				"head": {
					"rotation": {
						"0.0": [0, 0, 0],
						"0.125": [2.5, 0, 0]
					}
				},
				"rightarm": {
					"rotation": {
						"0.0": [0, 0, 0],
						"0.125": [20, 0, 0]
					}
				},
				"leftarm": {
					"rotation": {
						"0.0": [0, 0, 0],
						"0.125": [12.5, 0, 0]
					}
				},
				"rightleg": {
					"rotation": {
						"0.0": [0, 0, 0],
						"0.125": [-12.5, 0, 0],
						"0.5": [15, 0, 0]
					}
				},
				"leftleg": {
					"rotation": {
						"0.0": [0, 0, 0],
						"0.125": [27.5, 0, 0],
						"0.5": [50, 0, 0]
					}
				}
			}
		}
	}
}